RS_BET-AL-CP_800MG_60_70G_M,rs-captab,5
RS_CREAT-CP_750MG_60_50G_M,rs-captab,5
RS_OMG-3-SG_1000MG_60_95G_M,rs-captab,5
RS_TONG-CP_620MG_60_65G_M,rs-captab,5
RS_TRIB-CP_6750MG_60_65G_M,rs-captab,5
RS_ZINC-MAG-TB_0_120_85G_M,rs-captab,5
RS_BCAA_100G,rs-powder,5
RS_BEE-P_100G,rs-powder,5
RS_BET-AL_100G,rs-powder,5
RS_CREAT_100G,rs-powder,5
RS_DEX_100G,rs-powder,5
RS_DMAE_100G,rs-powder,5
RS_HMB_50G,rs-powder,5
RS_HMP-PRT_100G,rs-powder,5
RS_INOS_50G,rs-powder,5
RS_INUL_100G,rs-powder,5
RS_L-GLUT-MC_100G,rs-powder,5
RS_L-TYRO_100G,rs-powder,5
RS_P-PRT-ISO_100G,rs-powder,5
RS_TAUR_100G,rs-powder,5
RS_TONGKAT_50G,rs-powder,5
RS_WHY-CHC_100G,rs-powder,2
RS_WHY-VAN_100G,rs-powder,2
RS_ACE-L-CAR_100G,rs-powder,5
RS_ASC-ACD_100G,rs-powder,5
RS_BCAA_100G,rs-powder,5
RS_BET-AL_100G,rs-powder,5
RS_CHO-BIT_100G,rs-powder,5
RS_CIT-MAL_100G,rs-powder,5
RS_CLA_100G,rs-powder,5
RS_CREAT_100G,rs-powder,5
RS_D-ASP-AC_50G,rs-powder,5
RS_D-WHY-UNF_100G,rs-powder,5
RS_DEX_100G,rs-powder,5
RS_DMAE_100G,rs-powder,5
RS_GLYC_100G,rs-powder,5
RS_HMB_50G,rs-powder,5
RS_INOS_50G,rs-powder,5
RS_INUL_100G,rs-powder,5
RS_L-ARG_100G,rs-powder,5
RS_L-GLUT-MC_100G,rs-powder,5
RS_L-TYRO_100G,rs-powder,5
RS_MALTODX_100G,rs-powder,5
RS_MSM_100G,rs-powder,5
RS_TAUR_100G,rs-powder,5
RS_TMG_100G,rs-powder,5
RS_COLL-V-C_100G,rs-powder,5
RS_WHY-UNF_100G,rs-powder,5
RS_WHY-VAN_100G,rs-powder,5
RS_WHY-STR_100G,rs-powder,5
RS_P-PRT-ISO_100G,rs-powder,5
RS_TONGKAT_50G,rs-powder,5
RS_WHY-CHC_100G,rs-powder,5
RS_HMP-PRT_100G,rs-powder,5